{
    "Quaternions_reset": [
        -0.6859247088432312,
        0.7276220321655273,
        -0.008366228081285954,
        -0.0018525816267356277
    ],
    "endeffPose_reset": [
        0.6885572671890259,
        -0.12747380137443542,
        0.3333674669265747
    ],
    "endeffPose_goal": [
        0.6885926723480225,
        -0.12739157676696777,
        0.2732349634170532
    ],
    "jointAngles_reset": [
        -0.3594394624233246,
        -0.905346691608429,
        -0.09357909858226776,
        1.3530352115631104,
        0.05334081873297691,
        1.1040458679199219,
        -0.22025097906589508
    ],
    "jointAngles_goal": [
        -0.36735644936561584,
        -0.8380253911018372,
        -0.0781572237610817,
        1.4048935174942017,
        0.050849609076976776,
        0.9841161966323853,
        -0.21735937893390656
    ],
    "Quaternions_goal": [
        -0.6860564351081848,
        0.7274966835975647,
        -0.008473224937915802,
        -0.0018375968793407083
    ]
}