{
<<<<<<< Updated upstream
    "Quaternions_reset": [
        0.710110068321228,
        -0.7039235830307007,
        -0.007650010287761688,
        -0.01329310704022646
    ],
    "jointAngles_reset": [
        -0.3039775490760803,
        -0.9383935332298279,
        -0.16559472680091858,
        1.4997470378875732,
        0.14964355528354645,
        1.0190653800964355,
        -0.3491152226924896
    ],
    "endeffPose_goal": [
        0.6566150784492493,
        -0.10321588069200516,
        0.3148207366466522
    ],
    "endeffPose_reset": [
        0.6565362215042114,
        -0.10322833061218262,
        0.3157621920108795
    ],
    "jointAngles_goal": [
        -0.3042871057987213,
        -0.9370556473731995,
        -0.1651611328125,
        1.5006133317947388,
        0.15047070384025574,
        1.0174131393432617,
        -0.34932225942611694
    ],
    "Quaternions_goal": [
        0.7099899649620056,
        -0.7040367722511292,
        -0.00795804150402546,
        -0.013531624339520931
=======
    "jointAngles_goal": [
        -0.1220996081829071,
        -0.6884551048278809,
        -0.4012773334980011,
        1.7218495607376099,
        0.5506836175918579,
        0.6728330254554749,
        3.9199774265289307
    ],
    "jointAngles_reset": [
        -0.11551367491483688,
        -0.7009130716323853,
        -0.4137929677963257,
        1.7153711318969727,
        0.545092761516571,
        0.6945488452911377,
        3.9251415729522705
    ],
    "endeffPose_goal": [
        0.613863468170166,
        -0.08547312766313553,
        0.17047806084156036
    ],
    "endeffPose_reset": [
        0.6139025688171387,
        -0.08529293537139893,
        0.18051356077194214
    ],
    "Quaternions_goal": [
        0.9977582693099976,
        0.06451135128736496,
        -0.004656264558434486,
        -0.01717517338693142
    ],
    "Quaternions_reset": [
        0.9977498650550842,
        0.06457636505365372,
        -0.0047368514351546764,
        -0.017397865653038025
>>>>>>> Stashed changes
    ]
}